,State,City
0,New Jersey,Trenton
1,Missouri,Independence
2,Wyoming,Cheyenne
3,Illinois,Chicago
4,Kansas,Olathe
5,Ohio,Cleveland
6,New Mexico,Rio Rancho
7,New Mexico,Albuquerque
8,New Jersey,Atlantic City
9,Louisiana,Lafayette
10,Michigan,Lansing
11,Indiana,Gary
12,Wisconsin,Eau Claire
13,South Dakota,Deadwood
14,Minnesota,Duluth
15,Iowa,Cedar Rapids
16,Virginia,Richmond
17,Virginia,Hampton
18,Ohio,Akron
19,Ohio,Akron
20,Wisconsin,Green Bay
21,New York,Albany
22,New York,Albany
23,New Mexico,Albuquerque
24,Hawaii,Puunene
25,Louisiana,Alexandria
26,Louisiana,Alexandria
27,Florida,Tallahassee
28,Pennsylvania,Allentown
29,Pennsylvania,
30,Oregon,Eugene
31,Montana,Bozeman
32,Ohio,Cincinnati
33,Maryland,Baltimore
34,Oklahoma,Muskogee
35,Delaware,New Castle
36,Minnesota,Richfield
37,Illinois,Rockford
38,Michigan,Ann Arbor
39,Maryland,Annapolis
40,California,"Beach St, San Francisco"
41,Pennsylvania,Pittsburgh
42,Indiana,Lafayette
43,Kentucky,Lexington
44,West Virginia,Martinsburg
45,Colorado,Aspen
46,Colorado,Aspen
47,Colorado,Aspen
48,Virginia,Alexandria
49,Georgia,Atlanta
50,New Jersey,Atlantic City
51,Louisiana,New Orleans
52,Georgia,Augusta
53,Georgia,Augusta
54,Colorado,Fort Collins
55,Florida,Jacksonville
56,West Virginia,Charleston
57,Maryland,Baltimore
58,Louisiana,Baton Rouge
59,West Virginia,Huntington
60,Ohio,Cincinnati
61,,
62,Maine,Bangor
63,Connecticut,Hartford
64,Mississippi,Southaven
65,Maryland,Annapolis
66,Idaho,Pocatello
67,New Jersey,Cherry Hill
68,Maine,Camden
69,Connecticut,Stamford
70,Vermont,Burlington
71,Wisconsin,Green Bay
72,Florida,Miami
73,Texas,Houston
74,Florida,Miami
75,Georgia,Athens
76,Rhode Island,Jamestown
77,North Carolina,Charlotte
78,Kentucky,Bowling Green
79,Maine,Rockport
80,Indiana,Lake Station
81,Nevada,Las Vegas
82,West Virginia,Martinsburg
83,California,San Diego
84,New York,
85,California,San Francisco
86,West Virginia,Berkeley Springs
87,Iowa,Cedar Rapids
88,Mississippi,Vicksburg
89,Kentucky,Union
90,Delaware,Dover
91,Vermont,Woodstock
92,Missouri,Jefferson City
93,California,La Jolla
94,Hawaii,Honolulu
95,Nevada,Reno
96,Utah,St. George
97,Kansas,Olathe
98,Missouri,Springfield
99,California,Fresno
100,Maryland,Columbia
101,Iowa,Des Moines
102,Texas,Austin
103,Nebraska,Omaha
104,Kansas,Topeka
105,Nebraska,Omaha
106,,
107,Idaho,Boise
108,Delaware,Smyrna
109,Louisiana,Lafayette
110,Mississippi,Meridian
111,Colorado,Aspen
112,Massachusetts,Boston
113,Massachusetts,Boston
114,Kansas,Wichita
115,Maine,Brunswick
116,New Jersey,
117,Maine,Camden
118,South Dakota,Watertown
119,New Jersey,"Lake St, Newark"
120,Delaware,Wilmington
121,North Carolina,"Friendly Center Rd, Greensboro"
122,California,San Francisco
123,Rhode Island,Newport
124,Massachusetts,Plymouth
125,Rhode Island,Newport
126,Texas,San Antonio
127,South Dakota,Deadwood
128,Virginia,Hampton
129,New York,
130,Tennessee,Gatlinburg
131,Iowa,Des Moines
132,Virginia,Hampton
133,North Dakota,Bismarck
134,Massachusetts,Springfield
135,Texas,"Memorial Dr, Houston"
136,Wyoming,Cody
137,Wyoming,Cody
138,New York,Buffalo
139,New York,"Marina Park S, Buffalo"
140,New York,Buffalo
141,Oregon,Oregon City
142,Texas,Austin
143,Mississippi,Jackson
144,Illinois,Rockford
145,Florida,Tampa
146,Michigan,Grand Rapids
147,South Dakota,Sioux Falls
148,Rhode Island,Warwick
149,Montana,Great Falls
150,New Mexico,Rio Rancho
151,California,San Diego
152,New Jersey,Trenton
153,Illinois,
154,South Carolina,Columbia
155,Maine,Camden
156,West Virginia,Huntington
157,Vermont,Duxbury
158,Missouri,St. Louis
159,Illinois,Wheaton
160,Louisiana,Baton Rouge
161,Maine,Augusta
162,,
163,Virginia,Alexandria
164,,
165,Florida,Tallahassee
166,Texas,Austin
167,Montana,Helena
168,,
169,Iowa,Waterloo
170,Tennessee,Nashville
171,Maryland,Ellicott City
172,Idaho,Twin Falls
173,Ohio,Columbus
174,Oklahoma,Tulsa
175,West Virginia,Morgantown
176,New Jersey,Cherry Hill
177,Texas,El Paso
178,Tennessee,Chattanooga
179,,
180,Delaware,Middletown
181,,
182,Tennessee,Knoxville
183,Oklahoma,Broken Arrow
184,Illinois,Springfield
185,Kentucky,Louisville
186,Wisconsin,Madison
187,,
188,Rhode Island,Woonsocket
189,Virginia,Chesapeake
190,Virginia,Chesapeake
191,Virginia,Chesapeake
192,Minnesota,"111 Broadway Ave S #108, Rochester"
193,Wyoming,Cheyenne
194,Wyoming,"W 15th St, Cheyenne"
195,Wyoming,Cheyenne
196,Pennsylvania,Scranton
197,Wisconsin,Eau Claire
198,California,San Jose
199,,
200,Indiana,Evansville
201,Tennessee,Memphis
202,Nevada,Carson City
203,Nebraska,Bayard
204,Kentucky,Jeffersontown
205,Vermont,Barre
206,Wisconsin,Eau Claire
207,West Virginia,Charleston
208,Ohio,Cincinnati
209,Missouri,St. Louis
210,Missouri,St. Louis
211,Michigan,Traverse City
212,,
213,Missouri,St. Louis
214,Missouri,St. Louis
215,New Hampshire,Lincoln
216,Nevada,Henderson
217,Utah,Salt Lake City
218,West Virginia,Charleston
219,Ohio,Cleveland
220,New Mexico,Albuquerque
221,Michigan,Traverse City
222,New York,Syracuse
223,Illinois,Chicago
224,Rhode Island,East Greenwich
225,Georgia,Columbus
226,Wyoming,Cody
227,Vermont,Waterbury Center
228,Missouri,Jefferson City
229,,
230,Idaho,Coeur d'Alene
231,Idaho,Idaho Falls
232,Rhode Island,Bristol
233,Indiana,Lafayette
234,Georgia,Columbus
235,Ohio,Columbus
236,Oklahoma,Lawton
237,,
238,Minnesota,St Paul
239,Rhode Island,Warwick
240,Connecticut,Hartford
241,,
242,New Jersey,Pennsauken Township
243,Pennsylvania,Allentown
244,West Virginia,Morgantown
245,Vermont,Barre
246,Oregon,Eugene
247,Utah,
248,New Mexico,Bernalillo
249,Colorado,Pueblo
250,Tennessee,Nashville
251,Connecticut,Stamford
252,Nevada,Henderson
253,New Mexico,Las Cruces
254,California,San Francisco
255,Wyoming,Laramie
256,Florida,Jacksonville
257,Nevada,Mesquite
258,Pennsylvania,Allentown
259,Florida,Tampa
260,North Dakota,Minot
261,North Dakota,Bismarck
262,Mississippi,Southaven
263,Texas,Dallas
264,Texas,Dallas
265,North Carolina,Durham
266,Illinois,Springfield
267,Minnesota,St Paul
268,North Dakota,Williston
269,South Dakota,Deadwood
270,Utah,Moab
271,,
272,Delaware,Dover
273,Delaware,Wilmington
274,New York,Buffalo
275,,
276,Iowa,Des Moines
277,Oregon,Bend
278,Michigan,Detroit
279,Michigan,Detroit
280,Missouri,Springfield
281,Massachusetts,Plymouth
282,New York,Buffalo
283,South Dakota,Rapid City
284,Illinois,Rockford
285,,
286,Texas,Houston
287,Wisconsin,Milwaukee
288,New Jersey,Manchester Township
289,North Dakota,Fargo
290,West Virginia,Morgantown
291,Texas,Houston
292,Massachusetts,Springfield
293,Kentucky,Florence
294,Oregon,Bend
295,Illinois,Naperville
296,Iowa,Dubuque
297,Iowa,Dubuque
298,Iowa,Dubuque
299,Maine,Portland
300,Minnesota,Duluth
301,Vermont,Burlington
302,Indiana,Fort Wayne
303,Connecticut,New Haven
304,Utah,Ogden
305,Massachusetts,Worcester
306,South Carolina,Columbia
307,Indiana,Indianapolis
308,New York,Albany
309,Texas,El Paso
310,Texas,El Paso
311,Texas,El Paso
312,Texas,El Paso
313,Colorado,Pueblo
314,Pennsylvania,Harrisburg
315,Pennsylvania,Philadelphia
316,Pennsylvania,Scranton
317,Michigan,East Lansing
318,,
319,New York,Yonkers
320,New York,Syracuse
321,Kansas,"KS-7, Olathe"
322,Texas,Houston
323,Oregon,Eugene
324,Indiana,Evansville
325,Oklahoma,Broken Arrow
326,,
327,New York,Syracuse
328,Kansas,Wichita
329,Montana,Helena
330,California,"Green St, San Francisco"
331,New York,Buffalo
332,Kentucky,Lexington
333,North Dakota,Williston
334,North Dakota,Fargo
335,,
336,Illinois,Chicago
337,West Virginia,Wheeling
338,Iowa,Davenport
339,Delaware,New Castle
340,Oklahoma,Muskogee
341,Michigan,Ann Arbor
342,,
343,Kentucky,Florence
344,Florida,Tallahassee
345,New Hampshire,Lincoln
346,Indiana,Fort Wayne
347,Nebraska,Bellevue
348,Florida,Tallahassee
349,Missouri,St. Louis
350,California,Fresno
351,Georgia,Savannah
352,Rhode Island,Newport
353,Utah,Ogden
354,North Dakota,Williston
355,Colorado,Fort Collins
356,Michigan,Augusta
357,Colorado,Fort Collins
358,Pennsylvania,Harrisburg
359,Wyoming,Fort Laramie
360,,
361,Indiana,West Lafayette
362,California,San Francisco
363,,
364,,
365,North Dakota,Williston
366,Indiana,Fort Wayne
367,South Carolina,Rock Hill
368,New Hampshire,"Daniel Webster Hwy, Lincoln"
369,North Carolina,Concord
370,New York,Buffalo
371,South Carolina,Columbia
372,Texas,El Paso
373,Michigan,Grand Rapids
374,North Carolina,Charlotte
375,Nevada,Las Vegas
376,California,Fresno
377,California,Fresno
378,California,Fresno
379,Delaware,Middletown
380,New Mexico,Albuquerque
381,Montana,Great Falls
382,Nevada,Carson City
383,Connecticut,Waterbury
384,Florida,Orlando
385,New Hampshire,Nashua
386,Nebraska,Omaha
387,Montana,Bozeman
388,Colorado,Fort Collins
389,Illinois,Chicago
390,Indiana,
391,Missouri,St. Louis
392,Tennessee,
393,Tennessee,Gatlinburg
394,Iowa,Waterloo
395,Georgia,Atlanta
396,Georgia,Athens
397,New Mexico,Santa Fe
398,Montana,Great Falls
399,Oregon,Salem
400,Florida,Tampa
401,Minnesota,Duluth
402,Colorado,Fort Collins
403,Rhode Island,Warwick
404,,
405,,
406,,
407,Nevada,Las Vegas
408,Florida,Tallahassee
409,Wisconsin,Appleton
410,Tennessee,Memphis
411,New Mexico,Mountainair
412,North Dakota,Grand Forks
413,Michigan,Grand Rapids
414,Michigan,Grand Rapids
415,Michigan,Traverse City
416,Wyoming,Cody
417,Illinois,Chicago
418,South Carolina,Mt Pleasant
419,Wisconsin,Madison
420,Michigan,Traverse City
421,Montana,Helena
422,South Dakota,Sioux Falls
423,Ohio,Cleveland
424,Iowa,Des Moines
425,New Hampshire,"100 Concord St, Nashua"
426,Wisconsin,Green Bay
427,Vermont,Rutland
428,Illinois,Rockford
429,North Carolina,Greensboro
430,North Carolina,Greensboro
431,California,Los Angeles
432,California,Los Angeles
433,Missouri,Columbia
434,North Dakota,Grand Forks
435,North Dakota,Minot
436,Mississippi,Gulfport
437,Texas,Austin
438,Tennessee,Memphis
439,Delaware,Wilmington
440,Oklahoma,Broken Arrow
441,Delaware,Newark
442,Virginia,Hampton
443,Virginia,Norfolk
444,California,San Jose
445,Connecticut,Hartford
446,West Virginia,"Veterans Memorial Blvd, Huntington"
447,Indiana,Indianapolis
448,Florida,Orlando
449,Missouri,Independence
450,Mississippi,Meridian
451,Hawaii,Waipahu
452,Florida,Jacksonville
453,Nebraska,Bellevue
454,Wisconsin,Appleton
455,New Jersey,Randolph
456,California,Fresno
457,Nevada,Henderson
458,Oregon,"Skyline Blvd, Eugene"
459,Florida,Tampa
460,Wisconsin,Madison
461,Illinois,Springfield
462,West Virginia,Huntington
463,Wisconsin,Green Bay
464,West Virginia,
465,Texas,Houston
466,Idaho,Twin Falls
467,Oregon,Bend
468,Mississippi,Meridian
469,Hawaii,Waipahu
470,Utah,Hill AFB
471,Colorado,Pueblo
472,North Carolina,Winston-Salem
473,South Carolina,Charleston
474,Oklahoma,Lawton
475,Kentucky,Bowling Green
476,Georgia,Columbus
477,Minnesota,Rochester
478,Utah,Salt Lake City
479,Tennessee,Gatlinburg
480,California,"Vine St, Los Angeles"
481,California,San Diego
482,Georgia,Augusta
483,Vermont,Burlington
484,Utah,St. George
485,Hawaii,Honolulu
486,Oklahoma,Muskogee
487,Nebraska,Lincoln
488,Texas,Houston
489,Texas,Houston
490,California,Los Angeles
491,Massachusetts,Salem
492,West Virginia,Huntington
493,Idaho,Boise
494,Idaho,Idaho Falls
495,Idaho,Pocatello
496,Idaho,Boise
497,Tennessee,Knoxville
498,New Jersey,Trenton
499,Illinois,Springfield
500,Ohio,Toledo
501,Hawaii,Hilo
502,Michigan,Lansing
503,Iowa,Cedar Rapids
504,Ohio,Akron
505,Indiana,Porter
506,Indiana,Indianapolis
507,North Carolina,Greensboro
508,,Washington
509,Hawaii,Honolulu
510,New York,Albany
511,Maryland,Annapolis
512,California,Fresno
513,Maryland,Gaithersburg
514,Ohio,Toledo
515,California,San Jose
516,Oregon,Bend
517,Wyoming,Teton Village
518,Wyoming,Jackson
519,Wyoming,Jackson
520,Florida,Jacksonville
521,Florida,Jacksonville
522,Illinois,Chicago
523,West Virginia,Inwood
524,Delaware,New Castle
525,New Mexico,Rio Rancho
526,South Carolina,"Concord St, Charleston"
527,Iowa,Waterloo
528,Colorado,Aspen
529,Delaware,Dover
530,Maine,Brunswick
531,Kentucky,Lexington
532,Nebraska,Omaha
533,Florida,Miami
534,Kansas,"1345 Jayhawk Blvd, Lawrence"
535,Hawaii,Kailua
536,Hawaii,Kailua
537,North Carolina,Winston-Salem
538,Hawaii,Kahului
539,Hawaii,Kahului
540,Kansas,Topeka
541,Kansas,"SW Van Buren St, Topeka"
542,Hawaii,Hilo
543,Rhode Island,Woonsocket
544,New Jersey,Atlantic City
545,Michigan,Ann Arbor
546,Hawaii,Hilo
547,Louisiana,Alexandria
548,Kentucky,Lexington
549,Kentucky,Louisville
550,Virginia,Chesapeake
551,Utah,Park City
552,Florida,Jacksonville
553,New York,Albany
554,Oklahoma,Oklahoma City
555,Illinois,Rockford
556,Texas,Dallas
557,Illinois,"Knights Recreation Dr, Springfield"
558,Illinois,Naperville
559,Tennessee,Knoxville
560,Ohio,Cincinnati
561,West Virginia,Wheeling
562,New York,"39 Fitzgerald Street, Yonkers"
563,California,Los Angeles
564,South Dakota,Pierre
565,Louisiana,Lafayette
566,Florida,Orlando
567,Florida,Tallahassee
568,Minnesota,Duluth
569,Minnesota,St Paul
570,Hawaii,
571,Wyoming,Laramie
572,Mississippi,Horn Lake
573,Illinois,Naperville
574,Hawaii,Waipahu
575,Minnesota,Duluth
576,New York,Yonkers
577,Texas,El Paso
578,Virginia,Henrico
579,Pennsylvania,Allentown
580,Utah,Salt Lake City
581,Connecticut,New Haven
582,Hawaii,Hilo
583,Nebraska,Lincoln
584,Illinois,Springfield
585,Illinois,Springfield
586,,Washington
587,Illinois,Chicago
588,Illinois,Chicago
589,Nevada,Henderson
590,Maine,Brunswick
591,New Hampshire,Littleton
592,New Hampshire,Manchester
593,Kentucky,Louisville
594,Tennessee,Chattanooga
595,California,Los Angeles
596,Texas,El Paso
597,New York,New York
598,Kentucky,Bowling Green
599,Louisiana,Baton Rouge
600,Louisiana,New Orleans
601,Kentucky,Louisville
602,Kentucky,Louisville
603,Mississippi,Vicksburg
604,Utah,Ogden
605,Mississippi,Gulfport
606,Indiana,Evansville
607,Delaware,Dover
608,Florida,Jacksonville
609,Florida,Jacksonville
610,Idaho,Idaho Falls
611,Illinois,Rockford
612,Florida,Orlando
613,Wisconsin,Milwaukee
614,Wisconsin,Madison
615,Illinois,Chicago
616,West Virginia,Charleston
617,Texas,El Paso
618,Kansas,Olathe
619,South Carolina,Rock Hill
620,Maine,Bangor
621,Maine,Portland
622,Illinois,Springfield
623,Florida,Tampa
624,Virginia,Richmond
625,South Carolina,Rock Hill
626,North Carolina,Raleigh
627,Rhode Island,Cranston
628,Maine,Augusta
629,California,San Diego
630,Indiana,Gary
631,Kentucky,Lexington
632,Connecticut,Waterbury
633,Michigan,Ann Arbor
634,Hawaii,Kahului
635,South Dakota,Deadwood
636,Virginia,Richmond
637,Idaho,Coeur d'Alene
638,Texas,Austin
639,Ohio,Akron
640,Tennessee,"191 Beale St, Memphis"
641,New Mexico,Santa Fe
642,Georgia,Savannah
643,Mississippi,Meridian
644,Maryland,Columbia
645,Utah,
646,New Mexico,Las Cruces
647,Indiana,Evansville
648,Texas,Dallas
649,Nevada,Mesquite
650,Florida,Miami
651,Florida,Miami
652,Wyoming,Jackson
653,Michigan,Detroit
654,Delaware,Middletown
655,Florida,Tallahassee
656,North Carolina,Winston-Salem
657,Illinois,Rockford
658,Nebraska,Scottsbluff
659,North Carolina,Charlotte
660,Delaware,Wilmington
661,New Jersey,Newark
662,Minnesota,Minneapolis
663,Minnesota,Minneapolis
664,Illinois,Naperville
665,Illinois,Chicago
666,New Jersey,Camden
667,South Dakota,Rapid City
668,Wisconsin,Milwaukee
669,New Hampshire,
670,Minnesota,Minneapolis
671,Minnesota,St Paul
672,Mississippi,Jackson
673,Mississippi,Jackson
674,Mississippi,Gulfport
675,Mississippi,Meridian
676,Mississippi,Jackson
677,Mississippi,Jackson
678,Missouri,St. Louis
679,Missouri,Jefferson City
680,Missouri,Jefferson City
681,Wisconsin,Milwaukee
682,Utah,Moab
683,Utah,Moab
684,New York,Syracuse
685,Maine,Bangor
686,Montana,Bozeman
687,Vermont,Norwich
688,North Carolina,Raleigh
689,Iowa,Waterloo
690,Texas,San Antonio
691,West Virginia,Morgantown
692,Georgia,Augusta
693,Montana,Billings
694,Michigan,Detroit
695,South Carolina,Mt Pleasant
696,South Dakota,Keystone
697,Georgia,Savannah
698,Florida,Miami
699,California,San Jose
700,Idaho,Pocatello
701,Kansas,Olathe
702,North Carolina,Durham
703,Florida,Tallahassee
704,Idaho,Idaho Falls
705,New Mexico,"706 Camino Lejo, Santa Fe"
706,North Carolina,Durham
707,Rhode Island,Providence
708,New Mexico,Las Cruces
709,Idaho,Coeur d'Alene
710,Florida,Tampa
711,New York,Syracuse
712,Illinois,Chicago
713,Massachusetts,Boston
714,Rhode Island,Woonsocket
715,Kansas,Wichita
716,South Carolina,Rock Hill
717,Oklahoma,Lawton
718,Montana,Bozeman
719,Texas,Austin
720,North Carolina,Charlotte
721,Illinois,Naperville
722,North Carolina,Durham
723,Texas,Dallas
724,Tennessee,Nashville
725,Maryland,Baltimore
726,Nevada,Reno
727,Kentucky,Bowling Green
728,Oklahoma,Oklahoma City
729,Wyoming,Jackson
730,Missouri,Independence
731,Wyoming,Casper
732,,
733,Iowa,Dubuque
734,,Washington
735,New Mexico,Albuquerque
736,Ohio,Toledo
737,Ohio,Cincinnati
738,Missouri,Kansas City
739,Illinois,Chicago
740,Utah,Salt Lake City
741,Virginia,Norfolk
742,Illinois,Chicago
743,Pennsylvania,Scranton
744,Nevada,Carson City
745,Nevada,Carson City
746,Delaware,New Castle
747,Massachusetts,Boston
748,Connecticut,New Haven
749,New Jersey,Trenton
750,New Mexico,Las Cruces
751,New Mexico,Albuquerque
752,Louisiana,New Orleans
753,Louisiana,New Orleans
754,New York,"Washington Ave, Albany"
755,New York,Albany
756,Kentucky,Newport
757,Rhode Island,Newport
758,Illinois,Rockford
759,Minnesota,Bloomington
760,Wyoming,Casper
761,Florida,Orlando
762,Virginia,Norfolk
763,Utah,Park City
764,Delaware,New Castle
765,Virginia,Norfolk
766,North Carolina,Raleigh
767,Oregon,Milwaukie
768,North Dakota,Bismarck
769,North Dakota,Grand Forks
770,North Dakota,Fargo
771,Virginia,Chesapeake
772,Rhode Island,Warwick
773,New Hampshire,Nashua
774,South Dakota,Fort Pierre
775,Vermont,Burlington
776,Utah,Ogden
777,Utah,Ogden
778,Utah,Ogden
779,Utah,"2501 Wall Ave, Ogden"
780,West Virginia,Wheeling
781,West Virginia,Wheeling
782,Oklahoma,Oklahoma City
783,Oklahoma,Oklahoma City
784,Oklahoma,Oklahoma City
785,Wisconsin,Madison
786,New Jersey,Trenton
787,Maine,Augusta
788,Illinois,Springfield
789,Virginia,Alexandria
790,California,San Diego
791,Wyoming,Cody
792,Nebraska,Omaha
793,Nebraska,Omaha
794,New York,New York
795,Hawaii,Honolulu
796,New York,Syracuse
797,Iowa,Dubuque
798,Oregon,Newport
799,Oregon,Portland
800,Oregon,Salem
801,Oregon,Portland
802,Florida,Orlando
803,Pennsylvania,Philadelphia
804,California,San Francisco
805,Wisconsin,Milwaukee
806,Wisconsin,Green Bay
807,Hawaii,Hilo
808,Iowa,Des Moines
809,Montana,Great Falls
810,Utah,Park City
811,Utah,Park City
812,Utah,Park City
813,Louisiana,Baton Rouge
814,Utah,Moab
815,New York,Syracuse
816,South Carolina,Sumter
817,South Carolina,Mt Pleasant
818,Hawaii,Waipahu
819,Maine,Brunswick
820,Nevada,Las Vegas
821,Texas,Dallas
822,Oregon,Redmond
823,New Mexico,Albuquerque
824,South Dakota,Sioux Falls
825,Iowa,Waterloo
826,Pennsylvania,Philadelphia
827,Oklahoma,Tulsa
828,Florida,Miami
829,,
830,Pennsylvania,Pittsburgh
831,Wisconsin,Eau Claire
832,Georgia,Atlanta
833,Utah,Ogden
834,Massachusetts,Plymouth
835,Hawaii,Kailua
836,Vermont,Rutland
837,California,Los Angeles
838,Utah,St. George
839,Nebraska,Lincoln
840,Michigan,Traverse City
841,Oregon,Portland
842,Pennsylvania,Pittsburgh
843,North Dakota,Fargo
844,Wisconsin,Appleton
845,Rhode Island,Providence
846,New York,Rye
847,California,San Jose
848,Massachusetts,Plymouth
849,Massachusetts,Plymouth
850,Pennsylvania,Pittsburgh
851,New Hampshire,Sugar Hill
852,South Carolina,Charleston
853,Georgia,Atlanta
854,West Virginia,Martinsburg
855,Maine,Cape Elizabeth
856,Maine,Portland
857,Maine,Portland
858,New Hampshire,Portsmouth
859,Michigan,Lansing
860,Kansas,Lawrence
861,New Hampshire,Portsmouth
862,Connecticut,New Haven
863,Utah,Park City
864,Tennessee,Nashville
865,Colorado,Pueblo
866,North Carolina,Raleigh
867,Iowa,Davenport
868,Missouri,Springfield
869,Minnesota,Rochester
870,Minnesota,Rochester
871,Connecticut,Middlebury
872,Maryland,Annapolis
873,Massachusetts,Worcester
874,Utah,Salt Lake City
875,Michigan,Lansing
876,Illinois,Rockford
877,Rhode Island,Providence
878,Kentucky,Bowling Green
879,Connecticut,Thomaston
880,Wisconsin,Eau Claire
881,Oklahoma,Broken Arrow
882,New Mexico,"-.866343, 32 AL-106, Las Cruces"
883,Utah,Salt Lake City
884,Utah,St. George
885,Utah,Park City
886,North Dakota,Fargo
887,Nevada,Las Vegas
888,South Dakota,Pierre
889,Montana,Helena
890,South Dakota,Rapid City
891,Texas,Dallas
892,Minnesota,Minneapolis
893,North Carolina,Winston-Salem
894,Oklahoma,Lawton
895,New Mexico,Albuquerque
896,Tennessee,Gatlinburg
897,New Jersey,"N New York Ave, Atlantic City"
898,Delaware,Newark
899,Oklahoma,Muskogee
900,Rhode Island,Woonsocket
901,South Carolina,Columbia
902,Oregon,Salem
903,Nebraska,Scottsbluff
904,Illinois,Naperville
905,Illinois,Chicago
906,Maryland,Columbia
907,New Hampshire,Nashua
908,Minnesota,Rochester
909,Missouri,Columbia
910,Georgia,Lookout Mountain
911,New York,New York
912,Illinois,Rockford
913,Delaware,Wilmington
914,Pennsylvania,Philadelphia
915,Texas,Dallas
916,Rhode Island,Providence
917,North Carolina,Charlotte
918,North Dakota,Minot
919,Massachusetts,Salem
920,New York,Yonkers
921,New York,Syracuse
922,Colorado,Pueblo
923,Utah,St. George
924,California,San Jose
925,Utah,Moab
926,Wyoming,
927,Rhode Island,Newport
928,Missouri,Springfield
929,California,Los Angeles
930,Nebraska,Scottsbluff
931,New Jersey,North Brunswick Township
932,New Jersey,New Brunswick
933,Florida,Orlando
934,North Carolina,Concord
935,Florida,Orlando
936,New Hampshire,Manchester
937,New Jersey,New Brunswick
938,Missouri,St. Louis
939,Missouri,St. Louis
940,Massachusetts,"160 Derby St, Salem"
941,Massachusetts,Salem
942,Massachusetts,Salem
943,Texas,San Antonio
944,Texas,San Antonio
945,Texas,San Antonio
946,Texas,San Antonio
947,California,San Jose
948,California,San Jose
949,Utah,Moab
950,New Mexico,Albuquerque
951,Georgia,Athens
952,New Mexico,Santa Fe
953,North Carolina,Durham
954,Vermont,Montpelier
955,Nevada,Carson City
956,Massachusetts,Boston
957,Georgia,Savannah
958,Missouri,Jefferson City
959,North Dakota,Minot
960,Texas,El Paso
961,New York,Albany
962,Louisiana,Shreveport
963,Indiana,Fort Wayne
964,Missouri,"30 W Pershing Rd, Kansas City"
965,Virginia,Richmond
966,Nebraska,Gering
967,Oregon,Portland
968,California,San Diego
969,Kansas,Wichita
970,North Dakota,Grand Forks
971,Ohio,Columbus
972,Illinois,Chicago
973,Tennessee,Memphis
974,Nebraska,"12th and, R St, Lincoln"
975,Montana,Helena
976,Missouri,Columbia
977,Oregon,Eugene
978,South Carolina,Mt Pleasant
979,Indiana,Fort Wayne
980,California,Fresno
981,Mississippi,Gulfport
982,Idaho,Twin Falls
983,Louisiana,Shreveport
984,Louisiana,Shreveport
985,Mississippi,Gulfport
986,South Dakota,Sioux Falls
987,Montana,Bozeman
988,South Carolina,Sumter
989,North Carolina,Raleigh
990,New Jersey,Jackson Township
991,Indiana,Indianapolis
992,Maine,Brunswick
993,Maryland,Gaithersburg
994,Illinois,Chicago
995,Kentucky,Jeffersontown
996,Utah,"Sand Flats Rd, Moab"
997,,Washington
998,California,San Jose
999,Vermont,Stowe
1000,Idaho,Twin Falls
1001,Utah,Ivins
1002,Mississippi,Southaven
1003,Connecticut,Stamford
1004,South Carolina,Charleston
1005,South Carolina,Columbia
1006,South Dakota,Pierre
1007,South Dakota,Pierre
1008,Florida,Jacksonville
1009,Texas,San Antonio
1010,North Dakota,Bismarck
1011,Texas,Houston
1012,Kansas,Lawrence
1013,Louisiana,Alexandria
1014,South Carolina,Mt Pleasant
1015,Montana,Missoula
1016,North Dakota,Grand Forks
1017,New York,Yonkers
1018,North Dakota,Williston
1019,Louisiana,Shreveport
1020,Illinois,
1021,Massachusetts,Springfield
1022,Massachusetts,Springfield
1023,Utah,Park City
1024,Utah,St. George
1025,Utah,St. George
1026,Virginia,Alexandria
1027,Rhode Island,Woonsocket
1028,Connecticut,Stamford
1029,Ohio,Akron
1030,Nebraska,"645 N 14th St, Lincoln"
1031,New York,
1032,Pennsylvania,Scranton
1033,New Jersey,Atlantic City
1034,Indiana,Gary
1035,Missouri,Columbia
1036,Florida,Miami Beach
1037,Tennessee,Knoxville
1038,California,Fresno
1039,New Hampshire,Portsmouth
1040,Kentucky,Florence
1041,Vermont,Woodstock
1042,Missouri,St. Louis
1043,South Carolina,Sumter
1044,Oregon,Bend
1045,Iowa,Davenport
1046,California,San Diego
1047,North Dakota,Bismarck
1048,South Carolina,Sumter
1049,New York,Syracuse
1050,Louisiana,Alexandria
1051,Minnesota,Richfield
1052,Florida,Tallahassee
1053,Florida,Tallahassee
1054,Oklahoma,Tulsa
1055,Florida,Clearwater
1056,Florida,Tampa
1057,Mississippi,Southaven
1058,South Dakota,Deadwood
1059,North Dakota,Minot
1060,Idaho,
1061,Delaware,Newark
1062,Georgia,Savannah
1063,Tennessee,Chattanooga
1064,Missouri,Independence
1065,Texas,San Antonio
1066,Pennsylvania,Pittsburgh
1067,Illinois,Chicago
1068,Utah,Salt Lake City
1069,Kansas,Wichita
1070,Georgia,Columbus
1071,Massachusetts,Worcester
1072,Rhode Island,Newport
1073,California,Los Angeles
1074,New York,Buffalo
1075,Maine,Camden
1076,South Carolina,Charleston
1077,Tennessee,Chattanooga
1078,Nevada,Henderson
1079,Maryland,Columbia
1080,Indiana,Indianapolis
1081,Ohio,Cleveland
1082,South Dakota,Watertown
1083,Georgia,Columbus
1084,Texas,San Antonio
1085,Wisconsin,Appleton
1086,California,San Diego
1087,Texas,Dallas
1088,Texas,Dallas
1089,Nevada,Reno
1090,South Carolina,Rock Hill
1091,Utah,St. George
1092,Texas,San Antonio
1093,Nebraska,Omaha
1094,Ohio,Columbus
1095,Montana,Billings
1096,Iowa,Davenport
1097,Florida,Tampa
1098,Maryland,Baltimore
1099,Pennsylvania,Philadelphia
1100,New Hampshire,Portsmouth
1101,New Jersey,Mt Laurel Township
1102,Missouri,St. Louis
1103,Michigan,Grand Rapids
1104,Indiana,Lafayette
1105,Idaho,Twin Falls
1106,Idaho,Pocatello
1107,Wisconsin,Appleton
1108,New Jersey,Newark
1109,Montana,Great Falls
1110,Kansas,Lawrence
1111,Vermont,Montpelier
1112,Connecticut,Hartford
1113,Illinois,Lisle
1114,New Hampshire,Mount Washington
1115,Oklahoma,Broken Arrow
1116,Texas,Houston
1117,New York,New York
1118,Pennsylvania,Harrisburg
1119,Missouri,Kansas City
1120,New Jersey,Newark
1121,Montana,Missoula
1122,Mississippi,Vicksburg
1123,Delaware,Dover
1124,Illinois,Rockford
1125,New Mexico,Santa Fe
1126,Tennessee,Nashville
1127,Illinois,Chicago
1128,Oregon,Salem
1129,North Carolina,Winston-Salem
1130,Georgia,Athens
1131,Pennsylvania,Harrisburg
1132,California,San Francisco
1133,Florida,Orlando
1134,Illinois,Naperville
1135,Florida,Orlando
1136,Vermont,Rutland
1137,New York,Buffalo
1138,Utah,Salt Lake City
1139,Oklahoma,Muskogee
1140,Utah,St. George
1141,South Dakota,Sioux Falls
1142,Vermont,Barre
1143,New York,Yonkers
1144,Hawaii,Kahului
1145,Idaho,Coeur d'Alene
1146,New York,
1147,Florida,Jacksonville
1148,Illinois,Rockford
1149,Connecticut,Waterbury
1150,Ohio,Toledo
1151,Ohio,Toledo
1152,Delaware,Middletown
1153,New York,New York
1154,Kansas,Topeka
1155,Ohio,Columbus
1156,New Hampshire,Manchester
1157,New York,Buffalo
1158,Ohio,Cleveland
1159,Utah,Ogden
1160,Texas,Austin
1161,Missouri,Kansas City
1162,Illinois,Chicago
1163,Idaho,Coeur d'Alene
1164,Oklahoma,Tulsa
1165,Idaho,Boise
1166,Louisiana,Baton Rouge
1167,New York,Albany
1168,Hawaii,Kailua
1169,Nebraska,Bellevue
1170,Wyoming,Laramie
1171,Illinois,Springfield
1172,,Washington
1173,,Washington
1174,,Washington
1175,California,Universal City
1176,Delaware,Newark
1177,Michigan,Ann Arbor
1178,New York,Yonkers
1179,Utah,Park City
1180,Utah,Salt Lake City
1181,Missouri,Independence
1182,Nevada,Overton
1183,Iowa,Davenport
1184,Louisiana,Lafayette
1185,Vermont,Montpelier
1186,Vermont,Stowe
1187,Vermont,Montpelier
1188,New York,New York
1189,New Hampshire,Manchester
1190,Minnesota,Richfield
1191,Mississippi,Vicksburg
1192,Maine,Augusta
1193,Nevada,Mesquite
1194,Virginia,Hampton
1195,Virginia,Norfolk
1196,Virginia,Alexandria
1197,Iowa,Cedar Rapids
1198,Florida,Miami
1199,New Jersey,Newark
1200,Minnesota,St Paul
1201,Connecticut,Hartford
1202,Hawaii,Honolulu
1203,Louisiana,Shreveport
1204,Mississippi,Vicksburg
1205,Kansas,Topeka
1206,,Washington
1207,New York,Albany
1208,Oregon,Portland
1209,New Hampshire,Portsmouth
1210,Kentucky,Louisville
1211,Vermont,Burlington
1212,Rhode Island,Providence
1213,Kansas,Lawrence
1214,New York,Bronx
1215,Georgia,Athens
1216,New Mexico,Los Lunas
1217,Wyoming,Casper
1218,West Virginia,Morgantown
1219,West Virginia,Charleston
1220,Montana,Billings
1221,North Carolina,Greensboro
1222,Vermont,Stowe
1223,Delaware,"750 Thompson Station Rd, Newark"
1224,Indiana,Indianapolis
1225,Vermont,
1226,Nevada,Reno
1227,South Dakota,Sioux Falls
1228,South Dakota,Sioux Falls
1229,Pennsylvania,Harrisburg
1230,Maryland,Annapolis
1231,Louisiana,New Orleans
1232,California,San Jose
1233,South Dakota,
1234,New York,Syracuse
1235,Vermont,Rutland
1236,Missouri,Springfield
1237,Minnesota,Richfield
1238,Utah,Park City
1239,Oklahoma,Tulsa
1240,Massachusetts,Worcester
1241,Massachusetts,Worcester
1242,Tennessee,Knoxville
1243,Georgia,Atlanta
1244,Missouri,Kansas City
1245,Illinois,Chicago
1246,Florida,Miami
1247,Wyoming,Casper
1248,Wyoming,Cheyenne
1249,Wyoming,Laramie
1250,Connecticut,New Haven
1251,California,Fresno
1252,New York,Yonkers
1253,Montana,Billings
1254,Kentucky,Crestwood
1255,Utah,Moab
1256,Texas,Austin
1257,Texas,Austin
1258,New Jersey,New Brunswick
1259,Idaho,Boise
1260,Idaho,Pocatello
1261,Massachusetts,Springfield
1262,Montana,Billings
1263,Florida,Tampa
1264,Hawaii,Waipahu
